Model,Accuracy
Decision Tree,0.5431472081218274
SVM,0.6294416243654822
