Model,Accuracy
Decision Tree,0.5583756345177665
SVM,0.6294416243654822
