Model,Accuracy
Decision Tree,0.9593908629441624
SVM,0.9644670050761421
